{"cameraMode":{"drawMode":0,"name":"Shaded","section":"Shading Mode"},"sceneLighting":true,"audioPlay":false,"sceneViewState":{"m_AlwaysRefresh":false,"showFog":true,"showSkybox":true,"showFlares":true,"showImageEffects":true,"showParticleSystems":true,"showVisualEffectGraphs":true,"m_FxEnabled":true},"in2DMode":false,"pivot":{"x":16.526039123535158,"y":-4.091569900512695,"z":17.997180938720704},"rotation":{"x":0.08288687467575073,"y":-0.9169266223907471,"z":0.26596084237098696,"w":0.2857561707496643},"size":49.36830139160156,"orthographic":false}