{"cameraMode":{"drawMode":0,"name":"Shaded","section":"Shading Mode"},"sceneLighting":false,"audioPlay":false,"sceneViewState":{"m_AlwaysRefresh":false,"showFog":true,"showSkybox":false,"showFlares":true,"showImageEffects":true,"showParticleSystems":true,"showVisualEffectGraphs":true,"m_FxEnabled":true},"in2DMode":false,"pivot":{"x":294.6000061035156,"y":195.39999389648438,"z":146.17245483398438},"rotation":{"x":0.6652348041534424,"y":0.11078355461359024,"z":-0.10074058175086975,"w":0.7314854264259338},"size":0.4434182643890381,"orthographic":false}